{
	"info": {
		"_postman_id": "265f98a4-44dd-4ba1-8685-aa9977f285ac",
		"name": "bill",
		"schema": "https://schema.getpostman.com/json/collection/v2.1.0/collection.json"
	},
	"item": [
		{
			"name": "New Request",
			"request": {
				"method": "GET",
				"header": [],
				"url": {
					"raw": "http://localhost:8080/BillingsService/BillService/Bill",
					"protocol": "http",
					"host": [
						"localhost"
					],
					"port": "8080",
					"path": [
						"BillingsService",
						"BillService",
						"Bill"
					]
				}
			},
			"response": []
		},
		{
			"name": "New Request",
			"request": {
				"method": "POST",
				"header": [],
				"body": {
					"mode": "urlencoded",
					"urlencoded": [
						{
							"key": "AccNo",
							"value": "8",
							"type": "default"
						},
						{
							"key": "CustomerName",
							"value": "pranavan",
							"type": "default"
						},
						{
							"key": "BillAmount",
							"value": "admin",
							"type": "default"
						},
						{
							"key": "Date",
							"value": "2002",
							"type": "default"
						},
						{
							"key": "Email",
							"value": "120@gmail",
							"type": "default"
						}
					]
				},
				"url": {
					"raw": "http://localhost:8080/BillingsService/BillService/Bill",
					"protocol": "http",
					"host": [
						"localhost"
					],
					"port": "8080",
					"path": [
						"BillingsService",
						"BillService",
						"Bill"
					]
				}
			},
			"response": []
		},
		{
			"name": "New Request",
			"request": {
				"method": "PUT",
				"header": [
					{
						"key": "Content-Type",
						"value": "application/json",
						"type": "default"
					}
				],
				"body": {
					"mode": "raw",
					"raw": "{\n\"AccNo\" : \"8\",\n\"CustomerName\": \"we\",\n\"BillAmount\":\"new\",\n\"Date\":\"99.99\",\n\"Email\":\"ew3\"\n\n\n}"
				},
				"url": {
					"raw": "http://localhost:8080/BillingsService/BillService/Bill",
					"protocol": "http",
					"host": [
						"localhost"
					],
					"port": "8080",
					"path": [
						"BillingsService",
						"BillService",
						"Bill"
					]
				}
			},
			"response": []
		},
		{
			"name": "New Request",
			"request": {
				"method": "DELETE",
				"header": [
					{
						"key": "Content-Type",
						"value": "application/xml",
						"type": "default"
					}
				],
				"body": {
					"mode": "raw",
					"raw": "<itemData> <AccNo>8</AccNo> </itemData> "
				},
				"url": {
					"raw": "http://localhost:8080/BillingsService/BillService/Bill",
					"protocol": "http",
					"host": [
						"localhost"
					],
					"port": "8080",
					"path": [
						"BillingsService",
						"BillService",
						"Bill"
					]
				}
			},
			"response": []
		}
	]
}