{
	"info": {
		"_postman_id": "b59e76b2-27cc-4d39-af32-e6f04ab5f649",
		"name": "Payment",
		"schema": "https://schema.getpostman.com/json/collection/v2.1.0/collection.json"
	},
	"item": [
		{
			"name": "New Request",
			"request": {
				"method": "GET",
				"header": [],
				"url": {
					"raw": "http://localhost:8080/PaymentService/PaymentService/Payment",
					"protocol": "http",
					"host": [
						"localhost"
					],
					"port": "8080",
					"path": [
						"PaymentService",
						"PaymentService",
						"Payment"
					]
				}
			},
			"response": []
		},
		{
			"name": "New Request Copy",
			"request": {
				"method": "POST",
				"header": [],
				"body": {
					"mode": "urlencoded",
					"urlencoded": [
						{
							"key": "PaymentID",
							"value": "4",
							"type": "default"
						},
						{
							"key": "CustomerName",
							"value": "pranavan",
							"type": "default"
						},
						{
							"key": "BillAmount",
							"value": "admin",
							"type": "default"
						},
						{
							"key": "AccountNo",
							"value": "2002",
							"type": "default"
						},
						{
							"key": "Email",
							"value": "120@gmail",
							"type": "default",
							"disabled": true
						}
					]
				},
				"url": {
					"raw": "http://localhost:8080/PaymentService/PaymentService/Payment",
					"protocol": "http",
					"host": [
						"localhost"
					],
					"port": "8080",
					"path": [
						"PaymentService",
						"PaymentService",
						"Payment"
					]
				}
			},
			"response": []
		},
		{
			"name": "New Request Copy 2",
			"request": {
				"method": "PUT",
				"header": [
					{
						"key": "Content-Type",
						"value": "application/json",
						"type": "default"
					}
				],
				"body": {
					"mode": "raw",
					"raw": "{\n\"PaymentID\" : \"2\",\n\"CustomerName\": \"we\",\n\"BillAmount\":\"new\",\n\"AccountNo\":\"ew3\"\n\n\n}"
				},
				"url": {
					"raw": "http://localhost:8080/PaymentService/PaymentService/Payment",
					"protocol": "http",
					"host": [
						"localhost"
					],
					"port": "8080",
					"path": [
						"PaymentService",
						"PaymentService",
						"Payment"
					]
				}
			},
			"response": []
		},
		{
			"name": "New Request Copy 3",
			"request": {
				"method": "DELETE",
				"header": [
					{
						"key": "Content-Type",
						"value": "application/xml",
						"type": "default"
					}
				],
				"body": {
					"mode": "raw",
					"raw": "<itemData> <PaymentID>2</PaymentID> </itemData> "
				},
				"url": {
					"raw": "http://localhost:8080/PaymentService/PaymentService/Payment",
					"protocol": "http",
					"host": [
						"localhost"
					],
					"port": "8080",
					"path": [
						"PaymentService",
						"PaymentService",
						"Payment"
					]
				}
			},
			"response": []
		}
	]
}