{
	"info": {
		"_postman_id": "8ad72040-3292-43b3-88d8-d1f6bf98cc79",
		"name": "Power",
		"schema": "https://schema.getpostman.com/json/collection/v2.1.0/collection.json"
	},
	"item": [
		{
			"name": "new",
			"request": {
				"method": "GET",
				"header": [],
				"url": {
					"raw": "http://localhost:8080/PowerService/PowerService/Power",
					"protocol": "http",
					"host": [
						"localhost"
					],
					"port": "8080",
					"path": [
						"PowerService",
						"PowerService",
						"Power"
					]
				}
			},
			"response": []
		},
		{
			"name": "New Request",
			"request": {
				"method": "POST",
				"header": [],
				"body": {
					"mode": "urlencoded",
					"urlencoded": [
						{
							"key": "billID",
							"value": "1",
							"type": "default"
						},
						{
							"key": "AccountNo",
							"value": "4",
							"type": "default"
						},
						{
							"key": "CustomerName",
							"value": "admin",
							"type": "default"
						},
						{
							"key": "District",
							"value": "col-2",
							"type": "default"
						},
						{
							"key": "Time",
							"value": "1300hr",
							"type": "default"
						}
					]
				},
				"url": {
					"raw": "http://localhost:8080/PowerService/PowerService/Power",
					"protocol": "http",
					"host": [
						"localhost"
					],
					"port": "8080",
					"path": [
						"PowerService",
						"PowerService",
						"Power"
					]
				}
			},
			"response": []
		},
		{
			"name": "New Request Copy",
			"request": {
				"method": "PUT",
				"header": [
					{
						"key": "Content-Type",
						"value": "application/json",
						"type": "default"
					}
				],
				"body": {
					"mode": "raw",
					"raw": "{\n\"billID\" : \"1\",\n\"AccountNo\": \"we\",\n\"CustomerName\":\"new\",\n\"District\":\"99.99\",\n\"Time\":\"ew3\"\n\n\n}"
				},
				"url": {
					"raw": "http://localhost:8080/PowerService/PowerService/Power",
					"protocol": "http",
					"host": [
						"localhost"
					],
					"port": "8080",
					"path": [
						"PowerService",
						"PowerService",
						"Power"
					]
				}
			},
			"response": []
		},
		{
			"name": "New Request Copy 2",
			"request": {
				"method": "DELETE",
				"header": [
					{
						"key": "Content-Type",
						"value": "application/xml",
						"type": "default"
					}
				],
				"body": {
					"mode": "raw",
					"raw": "<itemData> <billID>1</billID> </itemData> "
				},
				"url": {
					"raw": "http://localhost:8080/PowerService/PowerService/Power",
					"protocol": "http",
					"host": [
						"localhost"
					],
					"port": "8080",
					"path": [
						"PowerService",
						"PowerService",
						"Power"
					]
				}
			},
			"response": []
		}
	]
}