{
	"info": {
		"_postman_id": "220a7df7-0df0-4eb7-964a-3d2aeb5759f6",
		"name": "Users",
		"schema": "https://schema.getpostman.com/json/collection/v2.1.0/collection.json"
	},
	"item": [
		{
			"name": "New Request",
			"request": {
				"method": "GET",
				"header": [],
				"url": {
					"raw": "http://localhost:8080/UserService/UsrService/Usr",
					"protocol": "http",
					"host": [
						"localhost"
					],
					"port": "8080",
					"path": [
						"UserService",
						"UsrService",
						"Usr"
					]
				}
			},
			"response": []
		},
		{
			"name": "New Request",
			"request": {
				"method": "POST",
				"header": [],
				"body": {
					"mode": "urlencoded",
					"urlencoded": [
						{
							"key": "ID",
							"value": "3",
							"type": "default"
						},
						{
							"key": "UserName",
							"value": "das",
							"type": "default"
						},
						{
							"key": "Password",
							"value": "ads",
							"type": "default"
						},
						{
							"key": "Name",
							"value": "d",
							"type": "default"
						},
						{
							"key": "EmailID",
							"value": "ds",
							"type": "default"
						}
					]
				},
				"url": {
					"raw": "http://localhost:8080/UserService/UsrService/Usr",
					"protocol": "http",
					"host": [
						"localhost"
					],
					"port": "8080",
					"path": [
						"UserService",
						"UsrService",
						"Usr"
					]
				}
			},
			"response": []
		},
		{
			"name": "New Request",
			"request": {
				"method": "PUT",
				"header": [
					{
						"key": "Content-Type",
						"value": "application/json",
						"type": "default"
					},
					{
						"key": "",
						"value": "application/json",
						"type": "default",
						"disabled": true
					}
				],
				"body": {
					"mode": "raw",
					"raw": "{\n\"ID\" : \"3\",\n\"UserName\": \"kumara\",\n\"Password\":\"123\",\n\"Name\":\"supun\",\n\"EmailID\":\"gmail\"\n\n\n}"
				},
				"url": {
					"raw": "http://localhost:8080/UserService/UsrService/Usr",
					"protocol": "http",
					"host": [
						"localhost"
					],
					"port": "8080",
					"path": [
						"UserService",
						"UsrService",
						"Usr"
					]
				}
			},
			"response": []
		},
		{
			"name": "New Request",
			"request": {
				"method": "DELETE",
				"header": [
					{
						"key": "Content-Type",
						"value": "application/xml",
						"type": "default"
					}
				],
				"body": {
					"mode": "raw",
					"raw": "<itemData> <ID>3</ID> </itemData> "
				},
				"url": {
					"raw": "http://localhost:8080/UserService/UsrService/Usr",
					"protocol": "http",
					"host": [
						"localhost"
					],
					"port": "8080",
					"path": [
						"UserService",
						"UsrService",
						"Usr"
					]
				}
			},
			"response": []
		}
	]
}